{
    "dataset_name": "GAT_6_15_ONT",
    "epoch": 249,
    "val_loss": 0.20944141417741774,
    "val_fp_rate": 0.009962118503160266,
    "val_fn_rate": 0.027479995681425277,
    "val_acc": 0.9884747354486034,
    "val_precision": 0.9046733701037329,
    "val_recall": 0.9725200043185747,
    "val_f1": 0.937302676707092,
    "val_mcc": 0.9317423717766804
}